Ticker,Type,Date,Price,Shares
AXP,BUY,2025-01-06,303.54,0.329
RELY,BUY,2025-01-16,23.18,4.333
DOCU,BUY,2025-01-22,91.47,1.093
BROS,BUY,2025-01-28,59.85,1.671
IONQ,BUY,2025-02-06,41.34,2.42
BROS,BUY,2025-02-11,65.2,1.533
UBER,BUY,2025-02-18,80.95,1.235
ABNB,BUY,2025-02-28,139.27,0.72
TOST,BUY,2025-03-07,32.83,3.046
APP,BUY,2025-03-11,245.0,0.408
DOCU,BUY,2025-03-17,84.93,1.177
RDDT,BUY,2025-03-24,124.04,0.803
AMZN,BUY,2025-03-24,202.71,4.933
RGTI,BUY,2025-04-07,8.36,11.96
TTAN,BUY,2025-06-04,113.86,0.88
TMC,BUY,2025-06-17,5.53,18.08
HOOD,BUY,2025-07-01,93.57,1.068
HOOD,BUY,2025-07-02,99.47,1.008
ASML,BUY,2024-01-02,716.7,0.075
SHOP,BUY,2024-01-02,73.51,2.72
DASH,BUY,2024-01-02,95.68,1.306
MELI,BUY,2024-01-16,1674.75,0.074
ABNB,BUY,2024-01-22,142.81,0.875
TTD,BUY,2024-01-29,70.52,1.868
ABNB,BUY,2024-02-05,144.55,7.123
MSFT,BUY,2024-02-12,417.4,2.455
SHOP,BUY,2024-02-13,81.68,12.238
TTD,BUY,2024-02-20,81.77,9.315
RBLX,BUY,2024-03-18,36.18,27.639
AMZN,BUY,2024-03-25,180.47,5.549
AMZN,BUY,2024-07-22,183.92,5.437
TOST,BUY,2024-11-26,43.49,2.299
BROS,BUY,2024-12-02,54.77,1.825
RDDT,BUY,2024-12-10,161.01,0.621
IONQ,BUY,2024-12-16,36.7,2.782
HOOD,BUY,2024-12-23,37.6,2.66
HIMS,BUY,2024-12-27,27.01,3.701
KD,BUY,2025-01-06,39.04,25.796
ASML,BUY,2025-01-14,728.87,1.381
HWM,BUY,2025-01-22,126.56,7.904
KD,BUY,2025-01-27,37.77,26.473
HWM,BUY,2025-02-03,126.62,7.927
HWM,BUY,2025-02-10,126.84,7.896
WING,BUY,2025-02-18,308.97,3.244
SPOT,BUY,2025-02-28,592.88,1.694
GEHC,BUY,2025-03-06,84.96,11.883
KD,BUY,2025-03-11,33.98,29.434
MSFT,BUY,2025-03-17,390.11,2.566
ASML,BUY,2025-03-31,656.07,1.534
TTD,BUY,2025-04-07,46.99,21.351
TTD,BUY,2025-04-14,49.95,20.215
KD,BUY,2025-04-21,28.45,35.152
APP,BUY,2025-04-28,278.81,3.586
NVDA,BUY,2025-05-06,112.79,8.899
APP,BUY,2025-05-12,353.62,2.857
CPNG,BUY,2025-05-19,27.16,36.925
GRAB,BUY,2025-05-27,5.0,200.2
MA,BUY,2025-06-02,578.39,1.744
GRAB,BUY,2025-06-09,5.0,200.816
CPNG,BUY,2025-06-17,28.4,35.25
CPNG,BUY,2025-06-24,29.1,34.366
META,BUY,2025-06-30,741.02,1.355
VEEV,BUY,2025-07-08,280.99,3.569
ASML,BUY,2023-06-21,708.66,0.059
ASML,BUY,2023-08-02,686.93,0.029
ASML,BUY,2023-09-07,637.24,0.031
TSLA,BUY,2023-12-11,238.75,0.418
RBLX,BUY,2023-12-18,44.13,3.398
AMZN,BUY,2023-12-26,153.25,0.815
TQQQ,BUY,2024-11-05,73.17,1.0
TQQQ,BUY,2024-11-05,73.17,0.000136
TQQQ,BUY,2024-11-05,73.18,0.414964
TQQQ,BUY,2024-04-29,55.78,0.01918
TQQQ,BUY,2024-03-11,59.38,0.427885
MSFT,BUY,2024-02-12,417.4,0.369664
MSFT,BUY,2024-01-08,370.32,0.337545
RBLX,BUY,2023-12-04,40.52,0.616979
TSLA,BUY,2023-11-27,235.61,0.106107
DASH,BUY,2023-11-20,95.15,0.262743
MSFT,BUY,2023-11-17,371.14,0.067359
ABNB,BUY,2023-11-13,117.98,0.211909
DASH,BUY,2023-11-06,88.68,0.281896
MELI,BUY,2023-11-01,1237.28,0.016972
TTD,BUY,2023-10-26,66.69,0.302893
CRWD,BUY,2023-10-24,182.09,0.110934
CRWD,BUY,2023-10-16,188.01,0.109036
MA,BUY,2023-10-09,391.94,0.053579
TTD,BUY,2023-10-02,78.22,0.26849
MA,BUY,2023-09-25,402.08,0.050313
SNOW,BUY,2023-09-21,149.36,0.124728
SNOW,BUY,2023-09-20,158.38,0.137454
TTD,BUY,2023-09-18,81.62,0.247978
V,BUY,2023-09-11,246.59,0.081917
ENPH,BUY,2023-09-05,129.44,0.157453
MNST,BUY,2023-08-29,57.93,0.349011
MA,BUY,2023-08-23,399.84,0.05102
UBER,BUY,2023-08-14,44.06,0.453977
SNOW,BUY,2023-08-08,154.56,0.130697
TSM,BUY,2023-08-02,95.64,0.211197
MSFT,BUY,2023-08-01,337.72,0.059813
ENPH,BUY,2023-07-27,169.41,0.119237
MNST,BUY,2023-07-24,58.02,0.348125
RBLX,BUY,2023-07-20,40.88,0.494189
SHOP,BUY,2023-07-17,68.69,0.295093
TSM,BUY,2023-07-11,100.38,0.201225
MELI,BUY,2023-07-06,1163.51,0.017361
AMZN,BUY,2023-07-03,130.31,0.155398
TSM,BUY,2023-06-26,101.95,0.198136
ABNB,BUY,2023-06-20,125.01,0.161587
VEEV,BUY,2023-06-13,191.32,0.000993
VEEV,BUY,2023-06-13,191.32,0.105655
AMZN,BUY,2023-06-07,121.28,0.1649
TSM,BUY,2023-06-05,98.72,0.202593
NVDA,BUY,2023-05-30,401.7,0.050285
IONQ,BUY,2023-05-23,11.46,1.754034
BROS,BUY,2023-05-17,26.99,0.741385
MSFT,BUY,2023-05-09,307.78,0.064981
AXP,BUY,2023-05-01,159.96,0.125035
NFLX,BUY,2023-04-24,331.84,0.06027
AAPL,BUY,2023-04-17,164.96,0.121237
BROS,BUY,2023-04-10,32.42,0.616808
DOCU,BUY,2023-04-03,57.42,0.348341
AAPL,BUY,2023-03-28,156.82,0.127538
MELI,BUY,2023-03-23,1229.65,0.016264
XYZ,BUY,2023-03-13,68.6,0.291566
NVDA,BUY,2023-03-06,236.8,0.084461
ZG,BUY,2023-02-27,41.4,0.484782
DOCU,BUY,2023-02-21,59.19,0.337894
ABNB,BUY,2023-02-15,135.53,0.14759
TTD,BUY,2023-02-06,52.41,0.381606
HOOD,BUY,2023-01-30,10.24,0.004884
HOOD,BUY,2023-01-30,10.24,1.948368
UBER,BUY,2023-01-23,30.88,0.647773
BROS,BUY,2023-01-17,34.68,0.576701
AAPL,BUY,2023-01-09,130.08,0.153775
AMZN,BUY,2023-01-04,85.04,0.235183
MELI,BUY,2024-01-30,1749.82,0.571
CRWD,BUY,2024-02-21,291.45,3.434
TSM,BUY,2024-02-26,129.04,7.75
NVDA,BUY,2024-03-04,851.56,1.175
ASML,BUY,2024-03-11,967.4,1.034
MA,BUY,2024-03-18,478.35,2.091
UBER,BUY,2024-04-01,76.37,13.152
DASH,BUY,2024-04-08,136.68,7.316
V,BUY,2024-04-15,277.14,3.608
TSLA,BUY,2024-04-22,142.46,7.02
AAPL,BUY,2024-04-29,174.49,5.731
CELH,BUY,2024-05-06,78.21,12.837
MNST,BUY,2024-05-13,55.2,18.116
MNST,BUY,2024-05-20,54.08,18.492
SMCI,BUY,2024-05-28,894.58,1.117
NFLX,BUY,2024-06-03,637.33,1.576
AVGO,BUY,2024-06-10,1428.9,0.7
SHOP,BUY,2024-06-17,65.0,15.387
MELI,BUY,2024-06-24,1606.51,0.622
V,BUY,2024-07-01,261.49,3.84
LRCX,BUY,2024-07-08,1092.82,0.915
AAPL,BUY,2024-07-15,235.69,4.243
ASML,BUY,2024-07-17,955.94,1.046
TSM,BUY,2024-07-30,154.91,6.456
ELF,BUY,2024-08-05,172.27,5.826
KNSL,BUY,2024-08-12,468.18,2.136
KNSL,BUY,2024-08-19,484.07,2.065
CRWD,BUY,2024-08-26,269.12,3.717
U,BUY,2024-09-10,16.65,60.288
CMG,BUY,2024-09-16,57.44,17.409
WING,BUY,2024-09-23,424.16,2.357
U,BUY,2024-09-30,22.73,44.008
ENPH,BUY,2024-10-07,105.67,9.496
NVDA,BUY,2024-10-14,138.37,7.227
DASH,BUY,2024-10-21,151.46,6.602
KNSL,BUY,2024-10-28,440.67,2.269
TSLA,BUY,2024-11-04,246.11,4.081
EME,BUY,2024-11-11,521.74,1.924
SMCI,SELL,2024-11-11,22.28,-11.17
WING,BUY,2024-11-18,325.49,3.845
EME,BUY,2024-11-26,518.54,1.929
ABNB,BUY,2024-12-02,135.9,7.419
MELI,BUY,2024-12-09,1933.5,0.517
V,BUY,2024-12-16,316.87,3.16
CRWD,BUY,2024-12-23,360.17,2.776
DASH,BUY,2024-12-30,169.84,5.89
